<?xml version="1.0" encoding="utf-8" ?>
<dwsync>
<file name="action_back.gif" server="D:/Programas/xampp2/htdocs/york/repopdf/" local="130573475117785908" remote="130573475110000000" Dst="0" />
<file name="action_forward.gif" server="D:/Programas/xampp2/htdocs/york/repopdf/" local="130573475117795932" remote="130573475110000000" Dst="0" />
<file name="action_go.gif" server="D:/Programas/xampp2/htdocs/york/repopdf/" local="130573475117815945" remote="130573475110000000" Dst="0" />
<file name="action_paste.gif" server="D:/Programas/xampp2/htdocs/york/repopdf/" local="130573475117835958" remote="130573475110000000" Dst="0" />
<file name="action_print.gif" server="D:/Programas/xampp2/htdocs/york/repopdf/" local="130573475117855963" remote="130573475110000000" Dst="0" />
<file name="action_refresh.gif" server="D:/Programas/xampp2/htdocs/york/repopdf/" local="130573475117865970" remote="130573475110000000" Dst="0" />
<file name="action_refresh_blue.gif" server="D:/Programas/xampp2/htdocs/york/repopdf/" local="130573475117887420" remote="130573475110000000" Dst="0" />
<file name="action_save.gif" server="D:/Programas/xampp2/htdocs/york/repopdf/" local="130573475117905983" remote="130573475110000000" Dst="0" />
<file name="action_stop.gif" server="D:/Programas/xampp2/htdocs/york/repopdf/" local="130573475117926009" remote="130573475110000000" Dst="0" />
<file name="application_dreamweaver.gif" server="D:/Programas/xampp2/htdocs/york/repopdf/" local="130573475117936016" remote="130573475110000000" Dst="0" />
<file name="application_firefox.gif" server="D:/Programas/xampp2/htdocs/york/repopdf/" local="130573475117956021" remote="130573475110000000" Dst="0" />
<file name="application_flash.gif" server="D:/Programas/xampp2/htdocs/york/repopdf/" local="130573475117966027" remote="130573475110000000" Dst="0" />
<file name="arrow_down.gif" server="D:/Programas/xampp2/htdocs/york/repopdf/" local="130573475117986041" remote="130573475110000000" Dst="0" />
<file name="arrow_left.gif" server="D:/Programas/xampp2/htdocs/york/repopdf/" local="130573475118006075" remote="130573475110000000" Dst="0" />
<file name="arrow_right.gif" server="D:/Programas/xampp2/htdocs/york/repopdf/" local="130573475118016069" remote="130573475110000000" Dst="0" />
<file name="arrow_up.gif" server="D:/Programas/xampp2/htdocs/york/repopdf/" local="130573475118036082" remote="130573475110000000" Dst="0" />
<file name="box.gif" server="D:/Programas/xampp2/htdocs/york/repopdf/" local="130573475118056096" remote="130573475110000000" Dst="0" />
<file name="calendar.gif" server="D:/Programas/xampp2/htdocs/york/repopdf/" local="130573475118066102" remote="130573475110000000" Dst="0" />
<file name="comment.gif" server="D:/Programas/xampp2/htdocs/york/repopdf/" local="130573475118086120" remote="130573475110000000" Dst="0" />
<file name="comment_blue.gif" server="D:/Programas/xampp2/htdocs/york/repopdf/" local="130573475118106137" remote="130573475110000000" Dst="0" />
<file name="comment_delete.gif" server="D:/Programas/xampp2/htdocs/york/repopdf/" local="130573475118116135" remote="130573475110000000" Dst="0" />
<file name="comment_new.gif" server="D:/Programas/xampp2/htdocs/york/repopdf/" local="130573475118136149" remote="130573475110000000" Dst="0" />
<file name="comment_yellow.gif" server="D:/Programas/xampp2/htdocs/york/repopdf/" local="130573475118156162" remote="130573475110000000" Dst="0" />
<file name="copy.gif" server="D:/Programas/xampp2/htdocs/york/repopdf/" local="130573475118166169" remote="130573475110000000" Dst="0" />
<file name="cut.gif" server="D:/Programas/xampp2/htdocs/york/repopdf/" local="130573475118186182" remote="130573475110000000" Dst="0" />
<file name="date.gif" server="D:/Programas/xampp2/htdocs/york/repopdf/" local="130573475118206195" remote="130573475110000000" Dst="0" />
<file name="date_delete.gif" server="D:/Programas/xampp2/htdocs/york/repopdf/" local="130573475118216202" remote="130573475110000000" Dst="0" />
<file name="date_new.gif" server="D:/Programas/xampp2/htdocs/york/repopdf/" local="130573475118236215" remote="130573475110000000" Dst="0" />
<file name="file_acrobat.gif" server="D:/Programas/xampp2/htdocs/york/repopdf/" local="130573475118246222" remote="130573475110000000" Dst="0" />
<file name="file_font.gif" server="D:/Programas/xampp2/htdocs/york/repopdf/" local="130573475118266239" remote="130573475110000000" Dst="0" />
<file name="file_font_truetype.gif" server="D:/Programas/xampp2/htdocs/york/repopdf/" local="130573475118286274" remote="130573475110000000" Dst="0" />
<file name="flag_blue.gif" server="D:/Programas/xampp2/htdocs/york/repopdf/" local="130573475118296255" remote="130573475110000000" Dst="0" />
<file name="flag_green.gif" server="D:/Programas/xampp2/htdocs/york/repopdf/" local="130573475118316268" remote="130573475110000000" Dst="0" />
<file name="flag_orange.gif" server="D:/Programas/xampp2/htdocs/york/repopdf/" local="130573475118336281" remote="130573475110000000" Dst="0" />
<file name="flag_red.gif" server="D:/Programas/xampp2/htdocs/york/repopdf/" local="130573475118346288" remote="130573475110000000" Dst="0" />
<file name="flag_white.gif" server="D:/Programas/xampp2/htdocs/york/repopdf/" local="130573475118366301" remote="130573475110000000" Dst="0" />
<file name="folder.gif" server="D:/Programas/xampp2/htdocs/york/repopdf/" local="130573475118376308" remote="130573475110000000" Dst="0" />
<file name="folder_delete.gif" server="D:/Programas/xampp2/htdocs/york/repopdf/" local="130573475118396321" remote="130573475110000000" Dst="0" />
<file name="folder_images.gif" server="D:/Programas/xampp2/htdocs/york/repopdf/" local="130573475118416334" remote="130573475110000000" Dst="0" />
<file name="folder_lock.gif" server="D:/Programas/xampp2/htdocs/york/repopdf/" local="130573475118426341" remote="130573475110000000" Dst="0" />
<file name="folder_new.gif" server="D:/Programas/xampp2/htdocs/york/repopdf/" local="130573475118446889" remote="130573475110000000" Dst="0" />
<file name="folder_page.gif" server="D:/Programas/xampp2/htdocs/york/repopdf/" local="130573475118466376" remote="130573475110000000" Dst="0" />
<file name="icon_accept.gif" server="D:/Programas/xampp2/htdocs/york/repopdf/" local="130573475118476374" remote="130573475110000000" Dst="0" />
<file name="icon_airmail.gif" server="D:/Programas/xampp2/htdocs/york/repopdf/" local="130573475118496387" remote="130573475110000000" Dst="0" />
<file name="icon_alert.gif" server="D:/Programas/xampp2/htdocs/york/repopdf/" local="130573475118506394" remote="130573475110000000" Dst="0" />
<file name="icon_attachment.gif" server="D:/Programas/xampp2/htdocs/york/repopdf/" local="130573475118526407" remote="130573475110000000" Dst="0" />
<file name="icon_clock.gif" server="D:/Programas/xampp2/htdocs/york/repopdf/" local="130573475118546421" remote="130573475110000000" Dst="0" />
<file name="icon_component.gif" server="D:/Programas/xampp2/htdocs/york/repopdf/" local="130573475118556427" remote="130573475110000000" Dst="0" />
<file name="icon_download.gif" server="D:/Programas/xampp2/htdocs/york/repopdf/" local="130573475118576440" remote="130573475110000000" Dst="0" />
<file name="icon_email.gif" server="D:/Programas/xampp2/htdocs/york/repopdf/" local="130573475118596449" remote="130573475110000000" Dst="0" />
<file name="icon_extension.gif" server="D:/Programas/xampp2/htdocs/york/repopdf/" local="130573475118606460" remote="130573475110000000" Dst="0" />
<file name="icon_favourites.gif" server="D:/Programas/xampp2/htdocs/york/repopdf/" local="130573475118626474" remote="130573475110000000" Dst="0" />
<file name="icon_get_world.gif" server="D:/Programas/xampp2/htdocs/york/repopdf/" local="130573475118646474" remote="130573475110000000" Dst="0" />
<file name="icon_history.gif" server="D:/Programas/xampp2/htdocs/york/repopdf/" local="130573475118656494" remote="130573475110000000" Dst="0" />
<file name="icon_home.gif" server="D:/Programas/xampp2/htdocs/york/repopdf/" local="130573475118676507" remote="130573475110000000" Dst="0" />
<file name="icon_info.gif" server="D:/Programas/xampp2/htdocs/york/repopdf/" local="130573475118696520" remote="130573475110000000" Dst="0" />
<file name="icon_key.gif" server="D:/Programas/xampp2/htdocs/york/repopdf/" local="130573475118706527" remote="130573475110000000" Dst="0" />
<file name="icon_link.gif" server="D:/Programas/xampp2/htdocs/york/repopdf/" local="130573475118726536" remote="130573475110000000" Dst="0" />
<file name="icon_mail.gif" server="D:/Programas/xampp2/htdocs/york/repopdf/" local="130573475118736547" remote="130573475110000000" Dst="0" />
<file name="icon_monitor_mac.gif" server="D:/Programas/xampp2/htdocs/york/repopdf/" local="130573475118756560" remote="130573475110000000" Dst="0" />
<file name="icon_monitor_pc.gif" server="D:/Programas/xampp2/htdocs/york/repopdf/" local="130573475118776573" remote="130573475110000000" Dst="0" />
<file name="icon_network.gif" server="D:/Programas/xampp2/htdocs/york/repopdf/" local="130573475118796586" remote="130573475110000000" Dst="0" />
<file name="icon_package.gif" server="D:/Programas/xampp2/htdocs/york/repopdf/" local="130573475118806593" remote="130573475110000000" Dst="0" />
<file name="icon_package_get.gif" server="D:/Programas/xampp2/htdocs/york/repopdf/" local="130573475118826602" remote="130573475110000000" Dst="0" />
<file name="icon_package_open.gif" server="D:/Programas/xampp2/htdocs/york/repopdf/" local="130573475118836613" remote="130573475110000000" Dst="0" />
<file name="icon_padlock.gif" server="D:/Programas/xampp2/htdocs/york/repopdf/" local="130573475118856626" remote="130573475110000000" Dst="0" />
<file name="icon_security.gif" server="D:/Programas/xampp2/htdocs/york/repopdf/" local="130573475118866637" remote="130573475110000000" Dst="0" />
<file name="icon_settings.gif" server="D:/Programas/xampp2/htdocs/york/repopdf/" local="130573475118896785" remote="130573475110000000" Dst="0" />
<file name="icon_user.gif" server="D:/Programas/xampp2/htdocs/york/repopdf/" local="130573475118906664" remote="130573475110000000" Dst="0" />
<file name="icon_wand.gif" server="D:/Programas/xampp2/htdocs/york/repopdf/" local="130573475118926673" remote="130573475110000000" Dst="0" />
<file name="icon_world.gif" server="D:/Programas/xampp2/htdocs/york/repopdf/" local="130573475118946686" remote="130573475110000000" Dst="0" />
<file name="icon_world_dynamic.gif" server="D:/Programas/xampp2/htdocs/york/repopdf/" local="130573475118956697" remote="130573475110000000" Dst="0" />
<file name="image.gif" server="D:/Programas/xampp2/htdocs/york/repopdf/" local="130573475118976706" remote="130573475110000000" Dst="0" />
<file name="image_new.gif" server="D:/Programas/xampp2/htdocs/york/repopdf/" local="130573475118986712" remote="130573475110000000" Dst="0" />
<file name="interface_browser.gif" server="D:/Programas/xampp2/htdocs/york/repopdf/" local="130573475119006726" remote="130573475110000000" Dst="0" />
<file name="interface_dialog.gif" server="D:/Programas/xampp2/htdocs/york/repopdf/" local="130573475119026769" remote="130573475110000000" Dst="0" />
<file name="interface_installer.gif" server="D:/Programas/xampp2/htdocs/york/repopdf/" local="130573475119036746" remote="130573475110000000" Dst="0" />
<file name="list_comments.gif" server="D:/Programas/xampp2/htdocs/york/repopdf/" local="130573475119056759" remote="130573475110000000" Dst="0" />
<file name="list_components.gif" server="D:/Programas/xampp2/htdocs/york/repopdf/" local="130573475119076776" remote="130573475110000000" Dst="0" />
<file name="list_errors.gif" server="D:/Programas/xampp2/htdocs/york/repopdf/" local="130573475119086783" remote="130573475110000000" Dst="0" />
<file name="list_extensions.gif" server="D:/Programas/xampp2/htdocs/york/repopdf/" local="130573475119106792" remote="130573475110000000" Dst="0" />
<file name="list_images.gif" server="D:/Programas/xampp2/htdocs/york/repopdf/" local="130573475119116803" remote="130573475110000000" Dst="0" />
<file name="list_keys.gif" server="D:/Programas/xampp2/htdocs/york/repopdf/" local="130573475119136816" remote="130573475110000000" Dst="0" />
<file name="list_links.gif" server="D:/Programas/xampp2/htdocs/york/repopdf/" local="130573475119156838" remote="130573475110000000" Dst="0" />
<file name="list_packages.gif" server="D:/Programas/xampp2/htdocs/york/repopdf/" local="130573475119166836" remote="130573475110000000" Dst="0" />
<file name="list_security.gif" server="D:/Programas/xampp2/htdocs/york/repopdf/" local="130573475119186845" remote="130573475110000000" Dst="0" />
<file name="list_settings.gif" server="D:/Programas/xampp2/htdocs/york/repopdf/" local="130573475119196852" remote="130573475110000000" Dst="0" />
<file name="list_users.gif" server="D:/Programas/xampp2/htdocs/york/repopdf/" local="130573475119216865" remote="130573475110000000" Dst="0" />
<file name="list_world.gif" server="D:/Programas/xampp2/htdocs/york/repopdf/" local="130573475119226872" remote="130573475110000000" Dst="0" />
<file name="note.gif" server="D:/Programas/xampp2/htdocs/york/repopdf/" local="130573475119246885" remote="130573475110000000" Dst="0" />
<file name="note_delete.gif" server="D:/Programas/xampp2/htdocs/york/repopdf/" local="130573475119266894" remote="130573475110000000" Dst="0" />
<file name="note_new.gif" server="D:/Programas/xampp2/htdocs/york/repopdf/" local="130573475119276905" remote="130573475110000000" Dst="0" />
<file name="page.gif" server="D:/Programas/xampp2/htdocs/york/repopdf/" local="130573475119296991" remote="130573475110000000" Dst="0" />
<file name="page_alert.gif" server="D:/Programas/xampp2/htdocs/york/repopdf/" local="130573475119306925" remote="130573475110000000" Dst="0" />
<file name="page_attachment.gif" server="D:/Programas/xampp2/htdocs/york/repopdf/" local="130573475119326938" remote="130573475110000000" Dst="0" />
<file name="page_bookmark.gif" server="D:/Programas/xampp2/htdocs/york/repopdf/" local="130573475119346960" remote="130573475110000000" Dst="0" />
<file name="page_boy.gif" server="D:/Programas/xampp2/htdocs/york/repopdf/" local="130573475119356958" remote="130573475110000000" Dst="0" />
<file name="page_code.gif" server="D:/Programas/xampp2/htdocs/york/repopdf/" local="130573475119376971" remote="130573475110000000" Dst="0" />
<file name="page_colors.gif" server="D:/Programas/xampp2/htdocs/york/repopdf/" local="130573475119396984" remote="130573475110000000" Dst="0" />
<file name="page_component.gif" server="D:/Programas/xampp2/htdocs/york/repopdf/" local="130573475119406991" remote="130573475110000000" Dst="0" />
<file name="page_cross.gif" server="D:/Programas/xampp2/htdocs/york/repopdf/" local="130573475119427000" remote="130573475110000000" Dst="0" />
<file name="page_delete.gif" server="D:/Programas/xampp2/htdocs/york/repopdf/" local="130573475119437011" remote="130573475110000000" Dst="0" />
<file name="page_deny.gif" server="D:/Programas/xampp2/htdocs/york/repopdf/" local="130573475119457024" remote="130573475110000000" Dst="0" />
<file name="page_down.gif" server="D:/Programas/xampp2/htdocs/york/repopdf/" local="130573475119477037" remote="130573475110000000" Dst="0" />
<file name="page_dynamic.gif" server="D:/Programas/xampp2/htdocs/york/repopdf/" local="130573475119487044" remote="130573475110000000" Dst="0" />
<file name="page_edit.gif" server="D:/Programas/xampp2/htdocs/york/repopdf/" local="130573475119507057" remote="130573475110000000" Dst="0" />
<file name="page_extension.gif" server="D:/Programas/xampp2/htdocs/york/repopdf/" local="130573475119517064" remote="130573475110000000" Dst="0" />
<file name="page_favourites.gif" server="D:/Programas/xampp2/htdocs/york/repopdf/" local="130573475119537073" remote="130573475110000000" Dst="0" />
<file name="page_find.gif" server="D:/Programas/xampp2/htdocs/york/repopdf/" local="130573475119547084" remote="130573475110000000" Dst="0" />
<file name="page_flash.gif" server="D:/Programas/xampp2/htdocs/york/repopdf/" local="130573475119567097" remote="130573475110000000" Dst="0" />
<file name="page_girl.gif" server="D:/Programas/xampp2/htdocs/york/repopdf/" local="130573475119587110" remote="130573475110000000" Dst="0" />
<file name="page_html.gif" server="D:/Programas/xampp2/htdocs/york/repopdf/" local="130573475119597117" remote="130573475110000000" Dst="0" />
<file name="page_java.gif" server="D:/Programas/xampp2/htdocs/york/repopdf/" local="130573475119617130" remote="130573475110000000" Dst="0" />
<file name="page_key.gif" server="D:/Programas/xampp2/htdocs/york/repopdf/" local="130573475119627137" remote="130573475110000000" Dst="0" />
<file name="page_left.gif" server="D:/Programas/xampp2/htdocs/york/repopdf/" local="130573475119647150" remote="130573475110000000" Dst="0" />
<file name="page_link.gif" server="D:/Programas/xampp2/htdocs/york/repopdf/" local="130573475119667163" remote="130573475110000000" Dst="0" />
<file name="page_lock.gif" server="D:/Programas/xampp2/htdocs/york/repopdf/" local="130573475119687185" remote="130573475110000000" Dst="0" />
<file name="page_new.gif" server="D:/Programas/xampp2/htdocs/york/repopdf/" local="130573475119697183" remote="130573475110000000" Dst="0" />
<file name="page_next.gif" server="D:/Programas/xampp2/htdocs/york/repopdf/" local="130573475119717197" remote="130573475110000000" Dst="0" />
<file name="page_package.gif" server="D:/Programas/xampp2/htdocs/york/repopdf/" local="130573475119727203" remote="130573475110000000" Dst="0" />
<file name="page_php.gif" server="D:/Programas/xampp2/htdocs/york/repopdf/" local="130573475119747208" remote="130573475110000000" Dst="0" />
<file name="page_prev.gif" server="D:/Programas/xampp2/htdocs/york/repopdf/" local="130573475119757223" remote="130573475110000000" Dst="0" />
<file name="page_refresh.gif" server="D:/Programas/xampp2/htdocs/york/repopdf/" local="130573475119777224" remote="130573475110000000" Dst="0" />
<file name="page_right.gif" server="D:/Programas/xampp2/htdocs/york/repopdf/" local="130573475119787243" remote="130573475110000000" Dst="0" />
<file name="page_script.gif" server="D:/Programas/xampp2/htdocs/york/repopdf/" local="130573475119807256" remote="130573475110000000" Dst="0" />
<file name="page_security.gif" server="D:/Programas/xampp2/htdocs/york/repopdf/" local="130573475119817263" remote="130573475110000000" Dst="0" />
<file name="page_settings.gif" server="D:/Programas/xampp2/htdocs/york/repopdf/" local="130573475119837276" remote="130573475110000000" Dst="0" />
<file name="page_sound.gif" server="D:/Programas/xampp2/htdocs/york/repopdf/" local="130573475119857285" remote="130573475110000000" Dst="0" />
<file name="page_tag_blue.gif" server="D:/Programas/xampp2/htdocs/york/repopdf/" local="130573475119867296" remote="130573475110000000" Dst="0" />
<file name="page_tag_red.gif" server="D:/Programas/xampp2/htdocs/york/repopdf/" local="130573475119887309" remote="130573475110000000" Dst="0" />
<file name="page_text.gif" server="D:/Programas/xampp2/htdocs/york/repopdf/" local="130573475119907318" remote="130573475110000000" Dst="0" />
<file name="page_text_delete.gif" server="D:/Programas/xampp2/htdocs/york/repopdf/" local="130573475119917329" remote="130573475110000000" Dst="0" />
<file name="page_tick.gif" server="D:/Programas/xampp2/htdocs/york/repopdf/" local="130573475119937343" remote="130573475110000000" Dst="0" />
<file name="page_tree.gif" server="D:/Programas/xampp2/htdocs/york/repopdf/" local="130573475119957356" remote="130573475110000000" Dst="0" />
<file name="page_up.gif" server="D:/Programas/xampp2/htdocs/york/repopdf/" local="130573475119967367" remote="130573475110000000" Dst="0" />
<file name="page_url.gif" server="D:/Programas/xampp2/htdocs/york/repopdf/" local="130573475119987376" remote="130573475110000000" Dst="0" />
<file name="page_user.gif" server="D:/Programas/xampp2/htdocs/york/repopdf/" local="130573475120007389" remote="130573475120000000" Dst="0" />
<file name="page_user_dark.gif" server="D:/Programas/xampp2/htdocs/york/repopdf/" local="130573475120017396" remote="130573475120000000" Dst="0" />
<file name="page_user_light.gif" server="D:/Programas/xampp2/htdocs/york/repopdf/" local="130573475120037405" remote="130573475120000000" Dst="0" />
<file name="page_video.gif" server="D:/Programas/xampp2/htdocs/york/repopdf/" local="130573475120047415" remote="130573475120000000" Dst="0" />
<file name="page_wizard.gif" server="D:/Programas/xampp2/htdocs/york/repopdf/" local="130573475120187500" remote="130573475120000000" Dst="0" />
<file name="readme.txt" server="D:/Programas/xampp2/htdocs/york/repopdf/" local="130573475120207517" remote="130573475120000000" Dst="0" />
<file name="table.gif" server="D:/Programas/xampp2/htdocs/york/repopdf/" local="130573475120227531" remote="130573475120000000" Dst="0" />
<file name="tables.gif" server="D:/Programas/xampp2/htdocs/york/repopdf/" local="130573475120257550" remote="130573475120000000" Dst="0" />
<file name="table_delete.gif" server="D:/Programas/xampp2/htdocs/york/repopdf/" local="130573475120237542" remote="130573475120000000" Dst="0" />
<file name="action_back.gif" server="10.236.2.139/pdfs/" local="130573475117785908" remote="131544601200000000" Dst="0" />
<file name="action_forward.gif" server="10.236.2.139/pdfs/" local="130573475117795932" remote="131544601200000000" Dst="0" />
<file name="action_go.gif" server="10.236.2.139/pdfs/" local="130573475117815945" remote="131544601200000000" Dst="0" />
<file name="action_paste.gif" server="10.236.2.139/pdfs/" local="130573475117835958" remote="131544601200000000" Dst="0" />
<file name="action_print.gif" server="10.236.2.139/pdfs/" local="130573475117855963" remote="131544601200000000" Dst="0" />
<file name="action_refresh.gif" server="10.236.2.139/pdfs/" local="130573475117865970" remote="131544601200000000" Dst="0" />
<file name="action_refresh_blue.gif" server="10.236.2.139/pdfs/" local="130573475117887420" remote="131544601200000000" Dst="0" />
<file name="action_save.gif" server="10.236.2.139/pdfs/" local="130573475117905983" remote="131544601200000000" Dst="0" />
<file name="action_stop.gif" server="10.236.2.139/pdfs/" local="130573475117926009" remote="131544601200000000" Dst="0" />
<file name="application_dreamweaver.gif" server="10.236.2.139/pdfs/" local="130573475117936016" remote="131544601200000000" Dst="0" />
<file name="application_firefox.gif" server="10.236.2.139/pdfs/" local="130573475117956021" remote="131544601200000000" Dst="0" />
<file name="application_flash.gif" server="10.236.2.139/pdfs/" local="130573475117966027" remote="131544601200000000" Dst="0" />
<file name="arrow_down.gif" server="10.236.2.139/pdfs/" local="130573475117986041" remote="131544601200000000" Dst="0" />
<file name="arrow_left.gif" server="10.236.2.139/pdfs/" local="130573475118006075" remote="131544601200000000" Dst="0" />
<file name="arrow_right.gif" server="10.236.2.139/pdfs/" local="130573475118016069" remote="131544601200000000" Dst="0" />
<file name="arrow_up.gif" server="10.236.2.139/pdfs/" local="130573475118036082" remote="131544601200000000" Dst="0" />
<file name="box.gif" server="10.236.2.139/pdfs/" local="130573475118056096" remote="131544601200000000" Dst="0" />
<file name="calendar.gif" server="10.236.2.139/pdfs/" local="130573475118066102" remote="131544601200000000" Dst="0" />
<file name="comment.gif" server="10.236.2.139/pdfs/" local="130573475118086120" remote="131544601200000000" Dst="0" />
<file name="comment_blue.gif" server="10.236.2.139/pdfs/" local="130573475118106137" remote="131544601200000000" Dst="0" />
<file name="comment_delete.gif" server="10.236.2.139/pdfs/" local="130573475118116135" remote="131544601200000000" Dst="0" />
<file name="comment_new.gif" server="10.236.2.139/pdfs/" local="130573475118136149" remote="131544601200000000" Dst="0" />
<file name="comment_yellow.gif" server="10.236.2.139/pdfs/" local="130573475118156162" remote="131544601200000000" Dst="0" />
<file name="copy.gif" server="10.236.2.139/pdfs/" local="130573475118166169" remote="131544601200000000" Dst="0" />
<file name="cut.gif" server="10.236.2.139/pdfs/" local="130573475118186182" remote="131544601200000000" Dst="0" />
<file name="date.gif" server="10.236.2.139/pdfs/" local="130573475118206195" remote="131544601200000000" Dst="0" />
<file name="date_delete.gif" server="10.236.2.139/pdfs/" local="130573475118216202" remote="131544601200000000" Dst="0" />
<file name="date_new.gif" server="10.236.2.139/pdfs/" local="130573475118236215" remote="131544601200000000" Dst="0" />
<file name="file_acrobat.gif" server="10.236.2.139/pdfs/" local="130573475118246222" remote="131544601200000000" Dst="0" />
<file name="file_font.gif" server="10.236.2.139/pdfs/" local="130573475118266239" remote="131544601200000000" Dst="0" />
<file name="file_font_truetype.gif" server="10.236.2.139/pdfs/" local="130573475118286274" remote="131544601200000000" Dst="0" />
<file name="flag_blue.gif" server="10.236.2.139/pdfs/" local="130573475118296255" remote="131544601200000000" Dst="0" />
<file name="flag_green.gif" server="10.236.2.139/pdfs/" local="130573475118316268" remote="131544601200000000" Dst="0" />
<file name="flag_orange.gif" server="10.236.2.139/pdfs/" local="130573475118336281" remote="131544601200000000" Dst="0" />
<file name="flag_red.gif" server="10.236.2.139/pdfs/" local="130573475118346288" remote="131544601200000000" Dst="0" />
<file name="flag_white.gif" server="10.236.2.139/pdfs/" local="130573475118366301" remote="131544601200000000" Dst="0" />
<file name="folder.gif" server="10.236.2.139/pdfs/" local="130573475118376308" remote="131544601200000000" Dst="0" />
<file name="folder_delete.gif" server="10.236.2.139/pdfs/" local="130573475118396321" remote="131544601200000000" Dst="0" />
<file name="folder_images.gif" server="10.236.2.139/pdfs/" local="130573475118416334" remote="131544601200000000" Dst="0" />
<file name="folder_lock.gif" server="10.236.2.139/pdfs/" local="130573475118426341" remote="131544601200000000" Dst="0" />
<file name="folder_new.gif" server="10.236.2.139/pdfs/" local="130573475118446889" remote="131544601200000000" Dst="0" />
<file name="folder_page.gif" server="10.236.2.139/pdfs/" local="130573475118466376" remote="131544601200000000" Dst="0" />
<file name="icon_accept.gif" server="10.236.2.139/pdfs/" local="130573475118476374" remote="131544601200000000" Dst="0" />
<file name="icon_airmail.gif" server="10.236.2.139/pdfs/" local="130573475118496387" remote="131544601200000000" Dst="0" />
<file name="icon_alert.gif" server="10.236.2.139/pdfs/" local="130573475118506394" remote="131544601200000000" Dst="0" />
<file name="icon_attachment.gif" server="10.236.2.139/pdfs/" local="130573475118526407" remote="131544601200000000" Dst="0" />
<file name="icon_clock.gif" server="10.236.2.139/pdfs/" local="130573475118546421" remote="131544601200000000" Dst="0" />
<file name="icon_component.gif" server="10.236.2.139/pdfs/" local="130573475118556427" remote="131544601200000000" Dst="0" />
<file name="icon_download.gif" server="10.236.2.139/pdfs/" local="130573475118576440" remote="131544601200000000" Dst="0" />
<file name="icon_email.gif" server="10.236.2.139/pdfs/" local="130573475118596449" remote="131544601200000000" Dst="0" />
<file name="icon_extension.gif" server="10.236.2.139/pdfs/" local="130573475118606460" remote="131544601200000000" Dst="0" />
<file name="icon_favourites.gif" server="10.236.2.139/pdfs/" local="130573475118626474" remote="131544601200000000" Dst="0" />
<file name="icon_get_world.gif" server="10.236.2.139/pdfs/" local="130573475118646474" remote="131544601200000000" Dst="0" />
<file name="icon_history.gif" server="10.236.2.139/pdfs/" local="130573475118656494" remote="131544601200000000" Dst="0" />
<file name="icon_home.gif" server="10.236.2.139/pdfs/" local="130573475118676507" remote="131544601200000000" Dst="0" />
<file name="icon_info.gif" server="10.236.2.139/pdfs/" local="130573475118696520" remote="131544601200000000" Dst="0" />
<file name="icon_key.gif" server="10.236.2.139/pdfs/" local="130573475118706527" remote="131544601200000000" Dst="0" />
<file name="icon_link.gif" server="10.236.2.139/pdfs/" local="130573475118726536" remote="131544601200000000" Dst="0" />
<file name="icon_mail.gif" server="10.236.2.139/pdfs/" local="130573475118736547" remote="131544601200000000" Dst="0" />
<file name="icon_monitor_mac.gif" server="10.236.2.139/pdfs/" local="130573475118756560" remote="131544601200000000" Dst="0" />
<file name="icon_monitor_pc.gif" server="10.236.2.139/pdfs/" local="130573475118776573" remote="131544601200000000" Dst="0" />
<file name="icon_network.gif" server="10.236.2.139/pdfs/" local="130573475118796586" remote="131544601200000000" Dst="0" />
<file name="icon_package.gif" server="10.236.2.139/pdfs/" local="130573475118806593" remote="131544601200000000" Dst="0" />
<file name="icon_package_get.gif" server="10.236.2.139/pdfs/" local="130573475118826602" remote="131544601200000000" Dst="0" />
<file name="icon_package_open.gif" server="10.236.2.139/pdfs/" local="130573475118836613" remote="131544601200000000" Dst="0" />
<file name="icon_padlock.gif" server="10.236.2.139/pdfs/" local="130573475118856626" remote="131544601200000000" Dst="0" />
<file name="icon_security.gif" server="10.236.2.139/pdfs/" local="130573475118866637" remote="131544601200000000" Dst="0" />
<file name="icon_settings.gif" server="10.236.2.139/pdfs/" local="130573475118896785" remote="131544601200000000" Dst="0" />
<file name="icon_user.gif" server="10.236.2.139/pdfs/" local="130573475118906664" remote="131544601200000000" Dst="0" />
<file name="icon_wand.gif" server="10.236.2.139/pdfs/" local="130573475118926673" remote="131544601200000000" Dst="0" />
<file name="icon_world.gif" server="10.236.2.139/pdfs/" local="130573475118946686" remote="131544601200000000" Dst="0" />
<file name="icon_world_dynamic.gif" server="10.236.2.139/pdfs/" local="130573475118956697" remote="131544601200000000" Dst="0" />
<file name="image.gif" server="10.236.2.139/pdfs/" local="130573475118976706" remote="131544601200000000" Dst="0" />
<file name="interface_browser.gif" server="10.236.2.139/pdfs/" local="130573475119006726" remote="131544601200000000" Dst="0" />
<file name="image_new.gif" server="10.236.2.139/pdfs/" local="130573475118986712" remote="131544601200000000" Dst="0" />
<file name="interface_dialog.gif" server="10.236.2.139/pdfs/" local="130573475119026769" remote="131544601200000000" Dst="0" />
<file name="interface_installer.gif" server="10.236.2.139/pdfs/" local="130573475119036746" remote="131544601200000000" Dst="0" />
<file name="list_comments.gif" server="10.236.2.139/pdfs/" local="130573475119056759" remote="131544601200000000" Dst="0" />
<file name="list_components.gif" server="10.236.2.139/pdfs/" local="130573475119076776" remote="131544601200000000" Dst="0" />
<file name="list_errors.gif" server="10.236.2.139/pdfs/" local="130573475119086783" remote="131544601200000000" Dst="0" />
<file name="list_extensions.gif" server="10.236.2.139/pdfs/" local="130573475119106792" remote="131544601200000000" Dst="0" />
<file name="list_images.gif" server="10.236.2.139/pdfs/" local="130573475119116803" remote="131544601200000000" Dst="0" />
<file name="list_keys.gif" server="10.236.2.139/pdfs/" local="130573475119136816" remote="131544601200000000" Dst="0" />
<file name="list_links.gif" server="10.236.2.139/pdfs/" local="130573475119156838" remote="131544601200000000" Dst="0" />
<file name="list_packages.gif" server="10.236.2.139/pdfs/" local="130573475119166836" remote="131544601200000000" Dst="0" />
<file name="list_security.gif" server="10.236.2.139/pdfs/" local="130573475119186845" remote="131544601200000000" Dst="0" />
<file name="list_settings.gif" server="10.236.2.139/pdfs/" local="130573475119196852" remote="131544601200000000" Dst="0" />
<file name="list_users.gif" server="10.236.2.139/pdfs/" local="130573475119216865" remote="131544601200000000" Dst="0" />
<file name="list_world.gif" server="10.236.2.139/pdfs/" local="130573475119226872" remote="131544601200000000" Dst="0" />
<file name="note.gif" server="10.236.2.139/pdfs/" local="130573475119246885" remote="131544601200000000" Dst="0" />
<file name="note_delete.gif" server="10.236.2.139/pdfs/" local="130573475119266894" remote="131544601200000000" Dst="0" />
<file name="note_new.gif" server="10.236.2.139/pdfs/" local="130573475119276905" remote="131544601200000000" Dst="0" />
<file name="page.gif" server="10.236.2.139/pdfs/" local="130573475119296991" remote="131544601200000000" Dst="0" />
<file name="page_alert.gif" server="10.236.2.139/pdfs/" local="130573475119306925" remote="131544601200000000" Dst="0" />
<file name="page_attachment.gif" server="10.236.2.139/pdfs/" local="130573475119326938" remote="131544601200000000" Dst="0" />
<file name="page_bookmark.gif" server="10.236.2.139/pdfs/" local="130573475119346960" remote="131544601200000000" Dst="0" />
<file name="page_boy.gif" server="10.236.2.139/pdfs/" local="130573475119356958" remote="131544601200000000" Dst="0" />
<file name="page_code.gif" server="10.236.2.139/pdfs/" local="130573475119376971" remote="131544601200000000" Dst="0" />
<file name="page_colors.gif" server="10.236.2.139/pdfs/" local="130573475119396984" remote="131544601200000000" Dst="0" />
<file name="page_component.gif" server="10.236.2.139/pdfs/" local="130573475119406991" remote="131544601200000000" Dst="0" />
<file name="page_cross.gif" server="10.236.2.139/pdfs/" local="130573475119427000" remote="131544601200000000" Dst="0" />
<file name="page_delete.gif" server="10.236.2.139/pdfs/" local="130573475119437011" remote="131544601200000000" Dst="0" />
<file name="page_deny.gif" server="10.236.2.139/pdfs/" local="130573475119457024" remote="131544601200000000" Dst="0" />
<file name="page_down.gif" server="10.236.2.139/pdfs/" local="130573475119477037" remote="131544601200000000" Dst="0" />
<file name="page_dynamic.gif" server="10.236.2.139/pdfs/" local="130573475119487044" remote="131544601200000000" Dst="0" />
<file name="page_edit.gif" server="10.236.2.139/pdfs/" local="130573475119507057" remote="131544601200000000" Dst="0" />
<file name="page_favourites.gif" server="10.236.2.139/pdfs/" local="130573475119537073" remote="131544601200000000" Dst="0" />
<file name="page_extension.gif" server="10.236.2.139/pdfs/" local="130573475119517064" remote="131544601200000000" Dst="0" />
<file name="page_find.gif" server="10.236.2.139/pdfs/" local="130573475119547084" remote="131544601200000000" Dst="0" />
<file name="page_flash.gif" server="10.236.2.139/pdfs/" local="130573475119567097" remote="131544601200000000" Dst="0" />
<file name="page_girl.gif" server="10.236.2.139/pdfs/" local="130573475119587110" remote="131544601200000000" Dst="0" />
<file name="page_html.gif" server="10.236.2.139/pdfs/" local="130573475119597117" remote="131544601200000000" Dst="0" />
<file name="page_java.gif" server="10.236.2.139/pdfs/" local="130573475119617130" remote="131544601200000000" Dst="0" />
<file name="page_key.gif" server="10.236.2.139/pdfs/" local="130573475119627137" remote="131544601200000000" Dst="0" />
<file name="page_left.gif" server="10.236.2.139/pdfs/" local="130573475119647150" remote="131544601200000000" Dst="0" />
<file name="page_link.gif" server="10.236.2.139/pdfs/" local="130573475119667163" remote="131544601200000000" Dst="0" />
<file name="page_new.gif" server="10.236.2.139/pdfs/" local="130573475119697183" remote="131544601200000000" Dst="0" />
<file name="page_lock.gif" server="10.236.2.139/pdfs/" local="130573475119687185" remote="131544601200000000" Dst="0" />
<file name="page_next.gif" server="10.236.2.139/pdfs/" local="130573475119717197" remote="131544601200000000" Dst="0" />
<file name="page_package.gif" server="10.236.2.139/pdfs/" local="130573475119727203" remote="131544601200000000" Dst="0" />
<file name="page_php.gif" server="10.236.2.139/pdfs/" local="130573475119747208" remote="131544601200000000" Dst="0" />
<file name="page_prev.gif" server="10.236.2.139/pdfs/" local="130573475119757223" remote="131544601200000000" Dst="0" />
<file name="page_refresh.gif" server="10.236.2.139/pdfs/" local="130573475119777224" remote="131544601200000000" Dst="0" />
<file name="page_right.gif" server="10.236.2.139/pdfs/" local="130573475119787243" remote="131544601200000000" Dst="0" />
<file name="page_script.gif" server="10.236.2.139/pdfs/" local="130573475119807256" remote="131544601200000000" Dst="0" />
<file name="page_security.gif" server="10.236.2.139/pdfs/" local="130573475119817263" remote="131544601200000000" Dst="0" />
<file name="page_settings.gif" server="10.236.2.139/pdfs/" local="130573475119837276" remote="131544601200000000" Dst="0" />
<file name="page_sound.gif" server="10.236.2.139/pdfs/" local="130573475119857285" remote="131544601200000000" Dst="0" />
<file name="page_tag_blue.gif" server="10.236.2.139/pdfs/" local="130573475119867296" remote="131544601200000000" Dst="0" />
<file name="page_tag_red.gif" server="10.236.2.139/pdfs/" local="130573475119887309" remote="131544601200000000" Dst="0" />
<file name="page_text.gif" server="10.236.2.139/pdfs/" local="130573475119907318" remote="131544601200000000" Dst="0" />
<file name="page_text_delete.gif" server="10.236.2.139/pdfs/" local="130573475119917329" remote="131544601200000000" Dst="0" />
<file name="page_tick.gif" server="10.236.2.139/pdfs/" local="130573475119937343" remote="131544601200000000" Dst="0" />
<file name="page_tree.gif" server="10.236.2.139/pdfs/" local="130573475119957356" remote="131544601200000000" Dst="0" />
<file name="page_up.gif" server="10.236.2.139/pdfs/" local="130573475119967367" remote="131544601200000000" Dst="0" />
<file name="page_url.gif" server="10.236.2.139/pdfs/" local="130573475119987376" remote="131544601200000000" Dst="0" />
<file name="page_user.gif" server="10.236.2.139/pdfs/" local="130573475120007389" remote="131544601200000000" Dst="0" />
<file name="page_user_dark.gif" server="10.236.2.139/pdfs/" local="130573475120017396" remote="131544601200000000" Dst="0" />
<file name="page_user_light.gif" server="10.236.2.139/pdfs/" local="130573475120037405" remote="131544601200000000" Dst="0" />
<file name="page_video.gif" server="10.236.2.139/pdfs/" local="130573475120047415" remote="131544601200000000" Dst="0" />
<file name="page_wizard.gif" server="10.236.2.139/pdfs/" local="130573475120187500" remote="131544601200000000" Dst="0" />
<file name="readme.txt" server="10.236.2.139/pdfs/" local="130573475120207517" remote="131544601200000000" Dst="0" />
<file name="table.gif" server="10.236.2.139/pdfs/" local="130573475120227531" remote="131544601200000000" Dst="0" />
<file name="tables.gif" server="10.236.2.139/pdfs/" local="130573475120257550" remote="131544601200000000" Dst="0" />
<file name="table_delete.gif" server="10.236.2.139/pdfs/" local="130573475120237542" remote="131544601200000000" Dst="0" />
<file name="action_back.gif" server="10.90.30.210/pdfs/" local="130573475117785908" remote="131545585800000000" Dst="0" />
<file name="action_forward.gif" server="10.90.30.210/pdfs/" local="130573475117795932" remote="131545585800000000" Dst="0" />
<file name="action_go.gif" server="10.90.30.210/pdfs/" local="130573475117815945" remote="131545585800000000" Dst="0" />
<file name="action_paste.gif" server="10.90.30.210/pdfs/" local="130573475117835958" remote="131545585800000000" Dst="0" />
<file name="action_print.gif" server="10.90.30.210/pdfs/" local="130573475117855963" remote="131545585800000000" Dst="0" />
<file name="action_refresh.gif" server="10.90.30.210/pdfs/" local="130573475117865970" remote="131545585800000000" Dst="0" />
<file name="action_refresh_blue.gif" server="10.90.30.210/pdfs/" local="130573475117887420" remote="131545585800000000" Dst="0" />
<file name="action_save.gif" server="10.90.30.210/pdfs/" local="130573475117905983" remote="131545585800000000" Dst="0" />
<file name="action_stop.gif" server="10.90.30.210/pdfs/" local="130573475117926009" remote="131545585800000000" Dst="0" />
<file name="application_dreamweaver.gif" server="10.90.30.210/pdfs/" local="130573475117936016" remote="131545585800000000" Dst="0" />
<file name="application_firefox.gif" server="10.90.30.210/pdfs/" local="130573475117956021" remote="131545585800000000" Dst="0" />
<file name="application_flash.gif" server="10.90.30.210/pdfs/" local="130573475117966027" remote="131545585800000000" Dst="0" />
<file name="arrow_down.gif" server="10.90.30.210/pdfs/" local="130573475117986041" remote="131545585800000000" Dst="0" />
<file name="arrow_left.gif" server="10.90.30.210/pdfs/" local="130573475118006075" remote="131545585800000000" Dst="0" />
<file name="arrow_right.gif" server="10.90.30.210/pdfs/" local="130573475118016069" remote="131545585800000000" Dst="0" />
<file name="arrow_up.gif" server="10.90.30.210/pdfs/" local="130573475118036082" remote="131545585800000000" Dst="0" />
<file name="box.gif" server="10.90.30.210/pdfs/" local="130573475118056096" remote="131545585800000000" Dst="0" />
<file name="calendar.gif" server="10.90.30.210/pdfs/" local="130573475118066102" remote="131545585800000000" Dst="0" />
<file name="comment.gif" server="10.90.30.210/pdfs/" local="130573475118086120" remote="131545585800000000" Dst="0" />
<file name="comment_blue.gif" server="10.90.30.210/pdfs/" local="130573475118106137" remote="131545585800000000" Dst="0" />
<file name="comment_delete.gif" server="10.90.30.210/pdfs/" local="130573475118116135" remote="131545585800000000" Dst="0" />
<file name="comment_new.gif" server="10.90.30.210/pdfs/" local="130573475118136149" remote="131545585800000000" Dst="0" />
<file name="comment_yellow.gif" server="10.90.30.210/pdfs/" local="130573475118156162" remote="131545585800000000" Dst="0" />
<file name="copy.gif" server="10.90.30.210/pdfs/" local="130573475118166169" remote="131545585800000000" Dst="0" />
<file name="cut.gif" server="10.90.30.210/pdfs/" local="130573475118186182" remote="131545585800000000" Dst="0" />
<file name="date.gif" server="10.90.30.210/pdfs/" local="130573475118206195" remote="131545585800000000" Dst="0" />
<file name="date_delete.gif" server="10.90.30.210/pdfs/" local="130573475118216202" remote="131545585800000000" Dst="0" />
<file name="date_new.gif" server="10.90.30.210/pdfs/" local="130573475118236215" remote="131545585800000000" Dst="0" />
<file name="file_acrobat.gif" server="10.90.30.210/pdfs/" local="130573475118246222" remote="131545585800000000" Dst="0" />
<file name="file_font.gif" server="10.90.30.210/pdfs/" local="130573475118266239" remote="131545585800000000" Dst="0" />
<file name="file_font_truetype.gif" server="10.90.30.210/pdfs/" local="130573475118286274" remote="131545585800000000" Dst="0" />
<file name="flag_blue.gif" server="10.90.30.210/pdfs/" local="130573475118296255" remote="131545585800000000" Dst="0" />
<file name="flag_green.gif" server="10.90.30.210/pdfs/" local="130573475118316268" remote="131545585800000000" Dst="0" />
<file name="flag_orange.gif" server="10.90.30.210/pdfs/" local="130573475118336281" remote="131545585800000000" Dst="0" />
<file name="flag_red.gif" server="10.90.30.210/pdfs/" local="130573475118346288" remote="131545585800000000" Dst="0" />
<file name="flag_white.gif" server="10.90.30.210/pdfs/" local="130573475118366301" remote="131545585800000000" Dst="0" />
<file name="folder.gif" server="10.90.30.210/pdfs/" local="130573475118376308" remote="131545585800000000" Dst="0" />
<file name="folder_delete.gif" server="10.90.30.210/pdfs/" local="130573475118396321" remote="131545585800000000" Dst="0" />
<file name="folder_images.gif" server="10.90.30.210/pdfs/" local="130573475118416334" remote="131545585800000000" Dst="0" />
<file name="folder_lock.gif" server="10.90.30.210/pdfs/" local="130573475118426341" remote="131545585800000000" Dst="0" />
<file name="folder_new.gif" server="10.90.30.210/pdfs/" local="130573475118446889" remote="131545585800000000" Dst="0" />
<file name="folder_page.gif" server="10.90.30.210/pdfs/" local="130573475118466376" remote="131545585800000000" Dst="0" />
<file name="icon_accept.gif" server="10.90.30.210/pdfs/" local="130573475118476374" remote="131545585800000000" Dst="0" />
<file name="icon_airmail.gif" server="10.90.30.210/pdfs/" local="130573475118496387" remote="131545585800000000" Dst="0" />
<file name="icon_alert.gif" server="10.90.30.210/pdfs/" local="130573475118506394" remote="131545585800000000" Dst="0" />
<file name="icon_attachment.gif" server="10.90.30.210/pdfs/" local="130573475118526407" remote="131545585800000000" Dst="0" />
<file name="icon_clock.gif" server="10.90.30.210/pdfs/" local="130573475118546421" remote="131545585800000000" Dst="0" />
<file name="icon_component.gif" server="10.90.30.210/pdfs/" local="130573475118556427" remote="131545585800000000" Dst="0" />
<file name="icon_download.gif" server="10.90.30.210/pdfs/" local="130573475118576440" remote="131545585800000000" Dst="0" />
<file name="icon_email.gif" server="10.90.30.210/pdfs/" local="130573475118596449" remote="131545585800000000" Dst="0" />
<file name="icon_extension.gif" server="10.90.30.210/pdfs/" local="130573475118606460" remote="131545585800000000" Dst="0" />
<file name="icon_favourites.gif" server="10.90.30.210/pdfs/" local="130573475118626474" remote="131545585800000000" Dst="0" />
<file name="icon_get_world.gif" server="10.90.30.210/pdfs/" local="130573475118646474" remote="131545585800000000" Dst="0" />
<file name="icon_history.gif" server="10.90.30.210/pdfs/" local="130573475118656494" remote="131545585800000000" Dst="0" />
<file name="icon_home.gif" server="10.90.30.210/pdfs/" local="130573475118676507" remote="131545585800000000" Dst="0" />
<file name="icon_info.gif" server="10.90.30.210/pdfs/" local="130573475118696520" remote="131545585800000000" Dst="0" />
<file name="icon_key.gif" server="10.90.30.210/pdfs/" local="130573475118706527" remote="131545585800000000" Dst="0" />
<file name="icon_link.gif" server="10.90.30.210/pdfs/" local="130573475118726536" remote="131545585800000000" Dst="0" />
<file name="icon_mail.gif" server="10.90.30.210/pdfs/" local="130573475118736547" remote="131545585800000000" Dst="0" />
<file name="icon_monitor_mac.gif" server="10.90.30.210/pdfs/" local="130573475118756560" remote="131545585800000000" Dst="0" />
<file name="icon_monitor_pc.gif" server="10.90.30.210/pdfs/" local="130573475118776573" remote="131545585800000000" Dst="0" />
<file name="icon_network.gif" server="10.90.30.210/pdfs/" local="130573475118796586" remote="131545585800000000" Dst="0" />
<file name="icon_package.gif" server="10.90.30.210/pdfs/" local="130573475118806593" remote="131545585800000000" Dst="0" />
<file name="icon_package_get.gif" server="10.90.30.210/pdfs/" local="130573475118826602" remote="131545585800000000" Dst="0" />
<file name="icon_package_open.gif" server="10.90.30.210/pdfs/" local="130573475118836613" remote="131545585800000000" Dst="0" />
<file name="icon_padlock.gif" server="10.90.30.210/pdfs/" local="130573475118856626" remote="131545585800000000" Dst="0" />
<file name="icon_security.gif" server="10.90.30.210/pdfs/" local="130573475118866637" remote="131545585800000000" Dst="0" />
<file name="icon_settings.gif" server="10.90.30.210/pdfs/" local="130573475118896785" remote="131545585800000000" Dst="0" />
<file name="icon_user.gif" server="10.90.30.210/pdfs/" local="130573475118906664" remote="131545585800000000" Dst="0" />
<file name="icon_wand.gif" server="10.90.30.210/pdfs/" local="130573475118926673" remote="131545585800000000" Dst="0" />
<file name="icon_world.gif" server="10.90.30.210/pdfs/" local="130573475118946686" remote="131545585800000000" Dst="0" />
<file name="icon_world_dynamic.gif" server="10.90.30.210/pdfs/" local="130573475118956697" remote="131545585800000000" Dst="0" />
<file name="image.gif" server="10.90.30.210/pdfs/" local="130573475118976706" remote="131545585800000000" Dst="0" />
<file name="image_new.gif" server="10.90.30.210/pdfs/" local="130573475118986712" remote="131545585800000000" Dst="0" />
<file name="interface_browser.gif" server="10.90.30.210/pdfs/" local="130573475119006726" remote="131545585800000000" Dst="0" />
<file name="interface_dialog.gif" server="10.90.30.210/pdfs/" local="130573475119026769" remote="131545585800000000" Dst="0" />
<file name="interface_installer.gif" server="10.90.30.210/pdfs/" local="130573475119036746" remote="131545585800000000" Dst="0" />
<file name="list_comments.gif" server="10.90.30.210/pdfs/" local="130573475119056759" remote="131545585800000000" Dst="0" />
<file name="list_components.gif" server="10.90.30.210/pdfs/" local="130573475119076776" remote="131545585800000000" Dst="0" />
<file name="list_errors.gif" server="10.90.30.210/pdfs/" local="130573475119086783" remote="131545585800000000" Dst="0" />
<file name="list_extensions.gif" server="10.90.30.210/pdfs/" local="130573475119106792" remote="131545585800000000" Dst="0" />
<file name="list_images.gif" server="10.90.30.210/pdfs/" local="130573475119116803" remote="131545585800000000" Dst="0" />
<file name="list_keys.gif" server="10.90.30.210/pdfs/" local="130573475119136816" remote="131545585800000000" Dst="0" />
<file name="list_links.gif" server="10.90.30.210/pdfs/" local="130573475119156838" remote="131545585800000000" Dst="0" />
<file name="list_packages.gif" server="10.90.30.210/pdfs/" local="130573475119166836" remote="131545585800000000" Dst="0" />
<file name="list_security.gif" server="10.90.30.210/pdfs/" local="130573475119186845" remote="131545585800000000" Dst="0" />
<file name="list_settings.gif" server="10.90.30.210/pdfs/" local="130573475119196852" remote="131545585800000000" Dst="0" />
<file name="list_users.gif" server="10.90.30.210/pdfs/" local="130573475119216865" remote="131545585800000000" Dst="0" />
<file name="list_world.gif" server="10.90.30.210/pdfs/" local="130573475119226872" remote="131545585800000000" Dst="0" />
<file name="note.gif" server="10.90.30.210/pdfs/" local="130573475119246885" remote="131545585800000000" Dst="0" />
<file name="note_delete.gif" server="10.90.30.210/pdfs/" local="130573475119266894" remote="131545585800000000" Dst="0" />
<file name="note_new.gif" server="10.90.30.210/pdfs/" local="130573475119276905" remote="131545585800000000" Dst="0" />
<file name="page.gif" server="10.90.30.210/pdfs/" local="130573475119296991" remote="131545585800000000" Dst="0" />
<file name="page_alert.gif" server="10.90.30.210/pdfs/" local="130573475119306925" remote="131545585800000000" Dst="0" />
<file name="page_attachment.gif" server="10.90.30.210/pdfs/" local="130573475119326938" remote="131545585800000000" Dst="0" />
<file name="page_bookmark.gif" server="10.90.30.210/pdfs/" local="130573475119346960" remote="131545585800000000" Dst="0" />
<file name="page_boy.gif" server="10.90.30.210/pdfs/" local="130573475119356958" remote="131545585800000000" Dst="0" />
<file name="page_code.gif" server="10.90.30.210/pdfs/" local="130573475119376971" remote="131545585800000000" Dst="0" />
<file name="page_colors.gif" server="10.90.30.210/pdfs/" local="130573475119396984" remote="131545585800000000" Dst="0" />
<file name="page_component.gif" server="10.90.30.210/pdfs/" local="130573475119406991" remote="131545585800000000" Dst="0" />
<file name="page_cross.gif" server="10.90.30.210/pdfs/" local="130573475119427000" remote="131545585800000000" Dst="0" />
<file name="page_delete.gif" server="10.90.30.210/pdfs/" local="130573475119437011" remote="131545585800000000" Dst="0" />
<file name="page_deny.gif" server="10.90.30.210/pdfs/" local="130573475119457024" remote="131545585800000000" Dst="0" />
<file name="page_down.gif" server="10.90.30.210/pdfs/" local="130573475119477037" remote="131545585800000000" Dst="0" />
<file name="page_dynamic.gif" server="10.90.30.210/pdfs/" local="130573475119487044" remote="131545585800000000" Dst="0" />
<file name="page_edit.gif" server="10.90.30.210/pdfs/" local="130573475119507057" remote="131545585800000000" Dst="0" />
<file name="page_extension.gif" server="10.90.30.210/pdfs/" local="130573475119517064" remote="131545585800000000" Dst="0" />
<file name="page_favourites.gif" server="10.90.30.210/pdfs/" local="130573475119537073" remote="131545585800000000" Dst="0" />
<file name="page_find.gif" server="10.90.30.210/pdfs/" local="130573475119547084" remote="131545585800000000" Dst="0" />
<file name="page_flash.gif" server="10.90.30.210/pdfs/" local="130573475119567097" remote="131545585800000000" Dst="0" />
<file name="page_girl.gif" server="10.90.30.210/pdfs/" local="130573475119587110" remote="131545585800000000" Dst="0" />
<file name="page_html.gif" server="10.90.30.210/pdfs/" local="130573475119597117" remote="131545585800000000" Dst="0" />
<file name="page_java.gif" server="10.90.30.210/pdfs/" local="130573475119617130" remote="131545585800000000" Dst="0" />
<file name="page_key.gif" server="10.90.30.210/pdfs/" local="130573475119627137" remote="131545585800000000" Dst="0" />
<file name="page_left.gif" server="10.90.30.210/pdfs/" local="130573475119647150" remote="131545585800000000" Dst="0" />
<file name="page_link.gif" server="10.90.30.210/pdfs/" local="130573475119667163" remote="131545585800000000" Dst="0" />
<file name="page_lock.gif" server="10.90.30.210/pdfs/" local="130573475119687185" remote="131545585800000000" Dst="0" />
<file name="page_new.gif" server="10.90.30.210/pdfs/" local="130573475119697183" remote="131545585800000000" Dst="0" />
<file name="page_next.gif" server="10.90.30.210/pdfs/" local="130573475119717197" remote="131545585800000000" Dst="0" />
<file name="page_package.gif" server="10.90.30.210/pdfs/" local="130573475119727203" remote="131545585800000000" Dst="0" />
<file name="page_php.gif" server="10.90.30.210/pdfs/" local="130573475119747208" remote="131545585800000000" Dst="0" />
<file name="page_prev.gif" server="10.90.30.210/pdfs/" local="130573475119757223" remote="131545585800000000" Dst="0" />
<file name="page_refresh.gif" server="10.90.30.210/pdfs/" local="130573475119777224" remote="131545585800000000" Dst="0" />
<file name="page_right.gif" server="10.90.30.210/pdfs/" local="130573475119787243" remote="131545585800000000" Dst="0" />
<file name="page_script.gif" server="10.90.30.210/pdfs/" local="130573475119807256" remote="131545585800000000" Dst="0" />
<file name="page_security.gif" server="10.90.30.210/pdfs/" local="130573475119817263" remote="131545585800000000" Dst="0" />
<file name="page_settings.gif" server="10.90.30.210/pdfs/" local="130573475119837276" remote="131545585800000000" Dst="0" />
<file name="page_sound.gif" server="10.90.30.210/pdfs/" local="130573475119857285" remote="131545585800000000" Dst="0" />
<file name="page_tag_blue.gif" server="10.90.30.210/pdfs/" local="130573475119867296" remote="131545585800000000" Dst="0" />
<file name="page_tag_red.gif" server="10.90.30.210/pdfs/" local="130573475119887309" remote="131545585800000000" Dst="0" />
<file name="page_text.gif" server="10.90.30.210/pdfs/" local="130573475119907318" remote="131545585800000000" Dst="0" />
<file name="page_text_delete.gif" server="10.90.30.210/pdfs/" local="130573475119917329" remote="131545585800000000" Dst="0" />
<file name="page_tick.gif" server="10.90.30.210/pdfs/" local="130573475119937343" remote="131545585800000000" Dst="0" />
<file name="page_tree.gif" server="10.90.30.210/pdfs/" local="130573475119957356" remote="131545585800000000" Dst="0" />
<file name="page_up.gif" server="10.90.30.210/pdfs/" local="130573475119967367" remote="131545585800000000" Dst="0" />
<file name="page_url.gif" server="10.90.30.210/pdfs/" local="130573475119987376" remote="131545585800000000" Dst="0" />
<file name="page_user.gif" server="10.90.30.210/pdfs/" local="130573475120007389" remote="131545585800000000" Dst="0" />
<file name="page_user_dark.gif" server="10.90.30.210/pdfs/" local="130573475120017396" remote="131545585800000000" Dst="0" />
<file name="page_user_light.gif" server="10.90.30.210/pdfs/" local="130573475120037405" remote="131545585800000000" Dst="0" />
<file name="page_video.gif" server="10.90.30.210/pdfs/" local="130573475120047415" remote="131545585800000000" Dst="0" />
<file name="page_wizard.gif" server="10.90.30.210/pdfs/" local="130573475120187500" remote="131545585800000000" Dst="0" />
<file name="readme.txt" server="10.90.30.210/pdfs/" local="130573475120207517" remote="131545585800000000" Dst="0" />
<file name="table.gif" server="10.90.30.210/pdfs/" local="130573475120227531" remote="131545585800000000" Dst="0" />
<file name="tables.gif" server="10.90.30.210/pdfs/" local="130573475120257550" remote="131545585800000000" Dst="0" />
<file name="table_delete.gif" server="10.90.30.210/pdfs/" local="130573475120237542" remote="131545585800000000" Dst="0" />
<file name="action_back.gif" server="10.236.2.113//php_04/" local="130573475120000000" remote="132282517200000000" Dst="0" />
<file name="action_forward.gif" server="10.236.2.113//php_04/" local="130573475120000000" remote="132282517200000000" Dst="0" />
<file name="action_go.gif" server="10.236.2.113//php_04/" local="130573475120000000" remote="132282517200000000" Dst="0" />
<file name="action_paste.gif" server="10.236.2.113//php_04/" local="130573475120000000" remote="132282517200000000" Dst="0" />
<file name="action_print.gif" server="10.236.2.113//php_04/" local="130573475120000000" remote="132282517200000000" Dst="0" />
<file name="action_refresh.gif" server="10.236.2.113//php_04/" local="130573475120000000" remote="132282517200000000" Dst="0" />
<file name="action_refresh_blue.gif" server="10.236.2.113//php_04/" local="130573475120000000" remote="132282517200000000" Dst="0" />
<file name="action_save.gif" server="10.236.2.113//php_04/" local="130573475120000000" remote="132282517200000000" Dst="0" />
<file name="action_stop.gif" server="10.236.2.113//php_04/" local="130573475120000000" remote="132282517200000000" Dst="0" />
<file name="application_dreamweaver.gif" server="10.236.2.113//php_04/" local="130573475120000000" remote="132282517200000000" Dst="0" />
<file name="application_firefox.gif" server="10.236.2.113//php_04/" local="130573475120000000" remote="132282517200000000" Dst="0" />
<file name="application_flash.gif" server="10.236.2.113//php_04/" local="130573475120000000" remote="132282517200000000" Dst="0" />
<file name="arrow_down.gif" server="10.236.2.113//php_04/" local="130573475120000000" remote="132282517200000000" Dst="0" />
<file name="arrow_left.gif" server="10.236.2.113//php_04/" local="130573475120000000" remote="132282517200000000" Dst="0" />
<file name="arrow_right.gif" server="10.236.2.113//php_04/" local="130573475120000000" remote="132282517200000000" Dst="0" />
<file name="arrow_up.gif" server="10.236.2.113//php_04/" local="130573475120000000" remote="132282517200000000" Dst="0" />
<file name="box.gif" server="10.236.2.113//php_04/" local="130573475120000000" remote="132282517200000000" Dst="0" />
<file name="calendar.gif" server="10.236.2.113//php_04/" local="130573475120000000" remote="132282517200000000" Dst="0" />
<file name="comment.gif" server="10.236.2.113//php_04/" local="130573475120000000" remote="132282517200000000" Dst="0" />
<file name="comment_blue.gif" server="10.236.2.113//php_04/" local="130573475120000000" remote="132282517200000000" Dst="0" />
<file name="comment_delete.gif" server="10.236.2.113//php_04/" local="130573475120000000" remote="132282517200000000" Dst="0" />
<file name="comment_new.gif" server="10.236.2.113//php_04/" local="130573475120000000" remote="132282517200000000" Dst="0" />
<file name="comment_yellow.gif" server="10.236.2.113//php_04/" local="130573475120000000" remote="132282517200000000" Dst="0" />
<file name="copy.gif" server="10.236.2.113//php_04/" local="130573475120000000" remote="132282517200000000" Dst="0" />
<file name="cut.gif" server="10.236.2.113//php_04/" local="130573475120000000" remote="132282517200000000" Dst="0" />
<file name="date.gif" server="10.236.2.113//php_04/" local="130573475120000000" remote="132282517200000000" Dst="0" />
<file name="date_delete.gif" server="10.236.2.113//php_04/" local="130573475120000000" remote="132282517200000000" Dst="0" />
<file name="date_new.gif" server="10.236.2.113//php_04/" local="130573475120000000" remote="132282517200000000" Dst="0" />
<file name="file_acrobat.gif" server="10.236.2.113//php_04/" local="130573475120000000" remote="132282517200000000" Dst="0" />
<file name="file_font.gif" server="10.236.2.113//php_04/" local="130573475120000000" remote="132282517200000000" Dst="0" />
<file name="file_font_truetype.gif" server="10.236.2.113//php_04/" local="130573475120000000" remote="132282517200000000" Dst="0" />
<file name="flag_blue.gif" server="10.236.2.113//php_04/" local="130573475120000000" remote="132282517200000000" Dst="0" />
<file name="flag_green.gif" server="10.236.2.113//php_04/" local="130573475120000000" remote="132282517200000000" Dst="0" />
<file name="flag_orange.gif" server="10.236.2.113//php_04/" local="130573475120000000" remote="132282517200000000" Dst="0" />
<file name="flag_red.gif" server="10.236.2.113//php_04/" local="130573475120000000" remote="132282517200000000" Dst="0" />
<file name="flag_white.gif" server="10.236.2.113//php_04/" local="130573475120000000" remote="132282517200000000" Dst="0" />
<file name="folder.gif" server="10.236.2.113//php_04/" local="130573475120000000" remote="132282517200000000" Dst="0" />
<file name="folder_delete.gif" server="10.236.2.113//php_04/" local="130573475120000000" remote="132282517200000000" Dst="0" />
<file name="folder_images.gif" server="10.236.2.113//php_04/" local="130573475120000000" remote="132282517200000000" Dst="0" />
<file name="folder_lock.gif" server="10.236.2.113//php_04/" local="130573475120000000" remote="132282517200000000" Dst="0" />
<file name="folder_new.gif" server="10.236.2.113//php_04/" local="130573475120000000" remote="132282517200000000" Dst="0" />
<file name="folder_page.gif" server="10.236.2.113//php_04/" local="130573475120000000" remote="132282517200000000" Dst="0" />
<file name="icon_accept.gif" server="10.236.2.113//php_04/" local="130573475120000000" remote="132282517200000000" Dst="0" />
<file name="icon_airmail.gif" server="10.236.2.113//php_04/" local="130573475120000000" remote="132282517200000000" Dst="0" />
<file name="icon_alert.gif" server="10.236.2.113//php_04/" local="130573475120000000" remote="132282517200000000" Dst="0" />
<file name="icon_attachment.gif" server="10.236.2.113//php_04/" local="130573475120000000" remote="132282517200000000" Dst="0" />
<file name="icon_clock.gif" server="10.236.2.113//php_04/" local="130573475120000000" remote="132282517200000000" Dst="0" />
<file name="icon_component.gif" server="10.236.2.113//php_04/" local="130573475120000000" remote="132282517200000000" Dst="0" />
<file name="icon_download.gif" server="10.236.2.113//php_04/" local="130573475120000000" remote="132282517200000000" Dst="0" />
<file name="icon_email.gif" server="10.236.2.113//php_04/" local="130573475120000000" remote="132282517200000000" Dst="0" />
<file name="icon_extension.gif" server="10.236.2.113//php_04/" local="130573475120000000" remote="132282517200000000" Dst="0" />
<file name="icon_favourites.gif" server="10.236.2.113//php_04/" local="130573475120000000" remote="132282517200000000" Dst="0" />
<file name="icon_get_world.gif" server="10.236.2.113//php_04/" local="130573475120000000" remote="132282517200000000" Dst="0" />
<file name="icon_history.gif" server="10.236.2.113//php_04/" local="130573475120000000" remote="132282517200000000" Dst="0" />
<file name="icon_home.gif" server="10.236.2.113//php_04/" local="130573475120000000" remote="132282517200000000" Dst="0" />
<file name="icon_info.gif" server="10.236.2.113//php_04/" local="130573475120000000" remote="132282517200000000" Dst="0" />
<file name="icon_key.gif" server="10.236.2.113//php_04/" local="130573475120000000" remote="132282517200000000" Dst="0" />
<file name="icon_link.gif" server="10.236.2.113//php_04/" local="130573475120000000" remote="132282517200000000" Dst="0" />
<file name="icon_mail.gif" server="10.236.2.113//php_04/" local="130573475120000000" remote="132282517200000000" Dst="0" />
<file name="icon_monitor_mac.gif" server="10.236.2.113//php_04/" local="130573475120000000" remote="132282517200000000" Dst="0" />
<file name="icon_monitor_pc.gif" server="10.236.2.113//php_04/" local="130573475120000000" remote="132282517200000000" Dst="0" />
<file name="icon_network.gif" server="10.236.2.113//php_04/" local="130573475120000000" remote="132282517200000000" Dst="0" />
<file name="icon_package.gif" server="10.236.2.113//php_04/" local="130573475120000000" remote="132282517200000000" Dst="0" />
<file name="icon_package_get.gif" server="10.236.2.113//php_04/" local="130573475120000000" remote="132282517200000000" Dst="0" />
<file name="icon_package_open.gif" server="10.236.2.113//php_04/" local="130573475120000000" remote="132282517200000000" Dst="0" />
<file name="icon_padlock.gif" server="10.236.2.113//php_04/" local="130573475120000000" remote="132282517200000000" Dst="0" />
<file name="icon_security.gif" server="10.236.2.113//php_04/" local="130573475120000000" remote="132282517200000000" Dst="0" />
<file name="icon_settings.gif" server="10.236.2.113//php_04/" local="130573475120000000" remote="132282517200000000" Dst="0" />
<file name="icon_user.gif" server="10.236.2.113//php_04/" local="130573475120000000" remote="132282517200000000" Dst="0" />
<file name="icon_wand.gif" server="10.236.2.113//php_04/" local="130573475120000000" remote="132282517200000000" Dst="0" />
<file name="icon_world.gif" server="10.236.2.113//php_04/" local="130573475120000000" remote="132282517200000000" Dst="0" />
<file name="icon_world_dynamic.gif" server="10.236.2.113//php_04/" local="130573475120000000" remote="132282517200000000" Dst="0" />
<file name="image.gif" server="10.236.2.113//php_04/" local="130573475120000000" remote="132282517200000000" Dst="0" />
<file name="image_new.gif" server="10.236.2.113//php_04/" local="130573475120000000" remote="132282517200000000" Dst="0" />
<file name="interface_browser.gif" server="10.236.2.113//php_04/" local="130573475120000000" remote="132282517200000000" Dst="0" />
<file name="interface_installer.gif" server="10.236.2.113//php_04/" local="130573475120000000" remote="132282517200000000" Dst="0" />
<file name="interface_dialog.gif" server="10.236.2.113//php_04/" local="130573475120000000" remote="132282517200000000" Dst="0" />
<file name="list_comments.gif" server="10.236.2.113//php_04/" local="130573475120000000" remote="132282517200000000" Dst="0" />
<file name="list_components.gif" server="10.236.2.113//php_04/" local="130573475120000000" remote="132282517200000000" Dst="0" />
<file name="list_errors.gif" server="10.236.2.113//php_04/" local="130573475120000000" remote="132282517200000000" Dst="0" />
<file name="list_extensions.gif" server="10.236.2.113//php_04/" local="130573475120000000" remote="132282517200000000" Dst="0" />
<file name="list_images.gif" server="10.236.2.113//php_04/" local="130573475120000000" remote="132282517200000000" Dst="0" />
<file name="list_keys.gif" server="10.236.2.113//php_04/" local="130573475120000000" remote="132282517200000000" Dst="0" />
<file name="list_links.gif" server="10.236.2.113//php_04/" local="130573475120000000" remote="132282517200000000" Dst="0" />
<file name="list_packages.gif" server="10.236.2.113//php_04/" local="130573475120000000" remote="132282517200000000" Dst="0" />
<file name="list_security.gif" server="10.236.2.113//php_04/" local="130573475120000000" remote="132282517200000000" Dst="0" />
<file name="list_settings.gif" server="10.236.2.113//php_04/" local="130573475120000000" remote="132282517200000000" Dst="0" />
<file name="list_users.gif" server="10.236.2.113//php_04/" local="130573475120000000" remote="132282517200000000" Dst="0" />
<file name="list_world.gif" server="10.236.2.113//php_04/" local="130573475120000000" remote="132282517200000000" Dst="0" />
<file name="note.gif" server="10.236.2.113//php_04/" local="130573475120000000" remote="132282517200000000" Dst="0" />
<file name="note_delete.gif" server="10.236.2.113//php_04/" local="130573475120000000" remote="132282517200000000" Dst="0" />
<file name="note_new.gif" server="10.236.2.113//php_04/" local="130573475120000000" remote="132282517200000000" Dst="0" />
<file name="page.gif" server="10.236.2.113//php_04/" local="130573475120000000" remote="132282517200000000" Dst="0" />
<file name="page_alert.gif" server="10.236.2.113//php_04/" local="130573475120000000" remote="132282517200000000" Dst="0" />
<file name="page_attachment.gif" server="10.236.2.113//php_04/" local="130573475120000000" remote="132282517200000000" Dst="0" />
<file name="page_bookmark.gif" server="10.236.2.113//php_04/" local="130573475120000000" remote="132282517200000000" Dst="0" />
<file name="page_boy.gif" server="10.236.2.113//php_04/" local="130573475120000000" remote="132282517200000000" Dst="0" />
<file name="page_code.gif" server="10.236.2.113//php_04/" local="130573475120000000" remote="132282517200000000" Dst="0" />
<file name="page_colors.gif" server="10.236.2.113//php_04/" local="130573475120000000" remote="132282517200000000" Dst="0" />
<file name="page_component.gif" server="10.236.2.113//php_04/" local="130573475120000000" remote="132282517200000000" Dst="0" />
<file name="page_cross.gif" server="10.236.2.113//php_04/" local="130573475120000000" remote="132282517200000000" Dst="0" />
<file name="page_delete.gif" server="10.236.2.113//php_04/" local="130573475120000000" remote="132282517200000000" Dst="0" />
<file name="page_deny.gif" server="10.236.2.113//php_04/" local="130573475120000000" remote="132282517200000000" Dst="0" />
<file name="page_down.gif" server="10.236.2.113//php_04/" local="130573475120000000" remote="132282517200000000" Dst="0" />
<file name="page_dynamic.gif" server="10.236.2.113//php_04/" local="130573475120000000" remote="132282517200000000" Dst="0" />
<file name="page_edit.gif" server="10.236.2.113//php_04/" local="130573475120000000" remote="132282517200000000" Dst="0" />
<file name="page_extension.gif" server="10.236.2.113//php_04/" local="130573475120000000" remote="132282517200000000" Dst="0" />
<file name="page_favourites.gif" server="10.236.2.113//php_04/" local="130573475120000000" remote="132282517200000000" Dst="0" />
<file name="page_find.gif" server="10.236.2.113//php_04/" local="130573475120000000" remote="132282517200000000" Dst="0" />
<file name="page_flash.gif" server="10.236.2.113//php_04/" local="130573475120000000" remote="132282517200000000" Dst="0" />
<file name="page_girl.gif" server="10.236.2.113//php_04/" local="130573475120000000" remote="132282517200000000" Dst="0" />
<file name="page_html.gif" server="10.236.2.113//php_04/" local="130573475120000000" remote="132282517200000000" Dst="0" />
<file name="page_java.gif" server="10.236.2.113//php_04/" local="130573475120000000" remote="132282517200000000" Dst="0" />
<file name="page_key.gif" server="10.236.2.113//php_04/" local="130573475120000000" remote="132282517200000000" Dst="0" />
<file name="page_left.gif" server="10.236.2.113//php_04/" local="130573475120000000" remote="132282517200000000" Dst="0" />
<file name="page_link.gif" server="10.236.2.113//php_04/" local="130573475120000000" remote="132282517200000000" Dst="0" />
<file name="page_lock.gif" server="10.236.2.113//php_04/" local="130573475120000000" remote="132282517200000000" Dst="0" />
<file name="page_new.gif" server="10.236.2.113//php_04/" local="130573475120000000" remote="132282517200000000" Dst="0" />
<file name="page_next.gif" server="10.236.2.113//php_04/" local="130573475120000000" remote="132282517200000000" Dst="0" />
<file name="page_package.gif" server="10.236.2.113//php_04/" local="130573475120000000" remote="132282517200000000" Dst="0" />
<file name="page_php.gif" server="10.236.2.113//php_04/" local="130573475120000000" remote="132282517200000000" Dst="0" />
<file name="page_prev.gif" server="10.236.2.113//php_04/" local="130573475120000000" remote="132282517200000000" Dst="0" />
<file name="page_refresh.gif" server="10.236.2.113//php_04/" local="130573475120000000" remote="132282517200000000" Dst="0" />
<file name="page_right.gif" server="10.236.2.113//php_04/" local="130573475120000000" remote="132282517200000000" Dst="0" />
<file name="page_script.gif" server="10.236.2.113//php_04/" local="130573475120000000" remote="132282517200000000" Dst="0" />
<file name="page_security.gif" server="10.236.2.113//php_04/" local="130573475120000000" remote="132282517200000000" Dst="0" />
<file name="page_settings.gif" server="10.236.2.113//php_04/" local="130573475120000000" remote="132282517200000000" Dst="0" />
<file name="page_sound.gif" server="10.236.2.113//php_04/" local="130573475120000000" remote="132282517200000000" Dst="0" />
<file name="page_tag_blue.gif" server="10.236.2.113//php_04/" local="130573475120000000" remote="132282517200000000" Dst="0" />
<file name="page_tag_red.gif" server="10.236.2.113//php_04/" local="130573475120000000" remote="132282517200000000" Dst="0" />
<file name="page_text.gif" server="10.236.2.113//php_04/" local="130573475120000000" remote="132282517200000000" Dst="0" />
<file name="page_text_delete.gif" server="10.236.2.113//php_04/" local="130573475120000000" remote="132282517200000000" Dst="0" />
<file name="page_tick.gif" server="10.236.2.113//php_04/" local="130573475120000000" remote="132282517200000000" Dst="0" />
<file name="page_tree.gif" server="10.236.2.113//php_04/" local="130573475120000000" remote="132282517200000000" Dst="0" />
<file name="page_up.gif" server="10.236.2.113//php_04/" local="130573475120000000" remote="132282517200000000" Dst="0" />
<file name="page_url.gif" server="10.236.2.113//php_04/" local="130573475120000000" remote="132282517200000000" Dst="0" />
<file name="page_user.gif" server="10.236.2.113//php_04/" local="130573475140000000" remote="132282517200000000" Dst="0" />
<file name="page_user_dark.gif" server="10.236.2.113//php_04/" local="130573475140000000" remote="132282517200000000" Dst="0" />
<file name="page_user_light.gif" server="10.236.2.113//php_04/" local="130573475140000000" remote="132282517200000000" Dst="0" />
<file name="page_video.gif" server="10.236.2.113//php_04/" local="130573475140000000" remote="132282517200000000" Dst="0" />
<file name="page_wizard.gif" server="10.236.2.113//php_04/" local="130573475140000000" remote="132282517200000000" Dst="0" />
<file name="readme.txt" server="10.236.2.113//php_04/" local="130573475140000000" remote="132282517200000000" Dst="0" />
<file name="table.gif" server="10.236.2.113//php_04/" local="130573475140000000" remote="132282517200000000" Dst="0" />
<file name="tables.gif" server="10.236.2.113//php_04/" local="130573475140000000" remote="132282517200000000" Dst="0" />
<file name="table_delete.gif" server="10.236.2.113//php_04/" local="130573475140000000" remote="132282517200000000" Dst="0" />
<file name="action_back.gif" server="10.90.30.211//php_04/" local="130573475120000000" remote="132282596400000000" Dst="0" />
<file name="action_forward.gif" server="10.90.30.211//php_04/" local="130573475120000000" remote="132282596400000000" Dst="0" />
<file name="action_go.gif" server="10.90.30.211//php_04/" local="130573475120000000" remote="132282596400000000" Dst="0" />
<file name="action_paste.gif" server="10.90.30.211//php_04/" local="130573475120000000" remote="132282596400000000" Dst="0" />
<file name="action_print.gif" server="10.90.30.211//php_04/" local="130573475120000000" remote="132282596400000000" Dst="0" />
<file name="action_refresh.gif" server="10.90.30.211//php_04/" local="130573475120000000" remote="132282596400000000" Dst="0" />
<file name="action_refresh_blue.gif" server="10.90.30.211//php_04/" local="130573475120000000" remote="132282596400000000" Dst="0" />
<file name="action_save.gif" server="10.90.30.211//php_04/" local="130573475120000000" remote="132282596400000000" Dst="0" />
<file name="action_stop.gif" server="10.90.30.211//php_04/" local="130573475120000000" remote="132282596400000000" Dst="0" />
<file name="application_dreamweaver.gif" server="10.90.30.211//php_04/" local="130573475120000000" remote="132282596400000000" Dst="0" />
<file name="application_firefox.gif" server="10.90.30.211//php_04/" local="130573475120000000" remote="132282596400000000" Dst="0" />
<file name="application_flash.gif" server="10.90.30.211//php_04/" local="130573475120000000" remote="132282596400000000" Dst="0" />
<file name="arrow_down.gif" server="10.90.30.211//php_04/" local="130573475120000000" remote="132282596400000000" Dst="0" />
<file name="arrow_left.gif" server="10.90.30.211//php_04/" local="130573475120000000" remote="132282596400000000" Dst="0" />
<file name="arrow_right.gif" server="10.90.30.211//php_04/" local="130573475120000000" remote="132282596400000000" Dst="0" />
<file name="arrow_up.gif" server="10.90.30.211//php_04/" local="130573475120000000" remote="132282596400000000" Dst="0" />
<file name="box.gif" server="10.90.30.211//php_04/" local="130573475120000000" remote="132282596400000000" Dst="0" />
<file name="calendar.gif" server="10.90.30.211//php_04/" local="130573475120000000" remote="132282596400000000" Dst="0" />
<file name="comment.gif" server="10.90.30.211//php_04/" local="130573475120000000" remote="132282596400000000" Dst="0" />
<file name="comment_blue.gif" server="10.90.30.211//php_04/" local="130573475120000000" remote="132282596400000000" Dst="0" />
<file name="comment_delete.gif" server="10.90.30.211//php_04/" local="130573475120000000" remote="132282596400000000" Dst="0" />
<file name="comment_new.gif" server="10.90.30.211//php_04/" local="130573475120000000" remote="132282596400000000" Dst="0" />
<file name="comment_yellow.gif" server="10.90.30.211//php_04/" local="130573475120000000" remote="132282596400000000" Dst="0" />
<file name="copy.gif" server="10.90.30.211//php_04/" local="130573475120000000" remote="132282596400000000" Dst="0" />
<file name="cut.gif" server="10.90.30.211//php_04/" local="130573475120000000" remote="132282596400000000" Dst="0" />
<file name="date.gif" server="10.90.30.211//php_04/" local="130573475120000000" remote="132282596400000000" Dst="0" />
<file name="date_delete.gif" server="10.90.30.211//php_04/" local="130573475120000000" remote="132282596400000000" Dst="0" />
<file name="date_new.gif" server="10.90.30.211//php_04/" local="130573475120000000" remote="132282596400000000" Dst="0" />
<file name="file_acrobat.gif" server="10.90.30.211//php_04/" local="130573475120000000" remote="132282596400000000" Dst="0" />
<file name="file_font.gif" server="10.90.30.211//php_04/" local="130573475120000000" remote="132282596400000000" Dst="0" />
<file name="file_font_truetype.gif" server="10.90.30.211//php_04/" local="130573475120000000" remote="132282596400000000" Dst="0" />
<file name="flag_blue.gif" server="10.90.30.211//php_04/" local="130573475120000000" remote="132282596400000000" Dst="0" />
<file name="flag_green.gif" server="10.90.30.211//php_04/" local="130573475120000000" remote="132282596400000000" Dst="0" />
<file name="flag_orange.gif" server="10.90.30.211//php_04/" local="130573475120000000" remote="132282596400000000" Dst="0" />
<file name="flag_red.gif" server="10.90.30.211//php_04/" local="130573475120000000" remote="132282596400000000" Dst="0" />
<file name="flag_white.gif" server="10.90.30.211//php_04/" local="130573475120000000" remote="132282596400000000" Dst="0" />
<file name="folder.gif" server="10.90.30.211//php_04/" local="130573475120000000" remote="132282596400000000" Dst="0" />
<file name="folder_delete.gif" server="10.90.30.211//php_04/" local="130573475120000000" remote="132282596400000000" Dst="0" />
<file name="folder_images.gif" server="10.90.30.211//php_04/" local="130573475120000000" remote="132282596400000000" Dst="0" />
<file name="folder_lock.gif" server="10.90.30.211//php_04/" local="130573475120000000" remote="132282596400000000" Dst="0" />
<file name="folder_new.gif" server="10.90.30.211//php_04/" local="130573475120000000" remote="132282596400000000" Dst="0" />
<file name="folder_page.gif" server="10.90.30.211//php_04/" local="130573475120000000" remote="132282596400000000" Dst="0" />
<file name="icon_accept.gif" server="10.90.30.211//php_04/" local="130573475120000000" remote="132282596400000000" Dst="0" />
<file name="icon_airmail.gif" server="10.90.30.211//php_04/" local="130573475120000000" remote="132282596400000000" Dst="0" />
<file name="icon_alert.gif" server="10.90.30.211//php_04/" local="130573475120000000" remote="132282596400000000" Dst="0" />
<file name="icon_attachment.gif" server="10.90.30.211//php_04/" local="130573475120000000" remote="132282596400000000" Dst="0" />
<file name="icon_clock.gif" server="10.90.30.211//php_04/" local="130573475120000000" remote="132282596400000000" Dst="0" />
<file name="icon_component.gif" server="10.90.30.211//php_04/" local="130573475120000000" remote="132282596400000000" Dst="0" />
<file name="icon_download.gif" server="10.90.30.211//php_04/" local="130573475120000000" remote="132282596400000000" Dst="0" />
<file name="icon_email.gif" server="10.90.30.211//php_04/" local="130573475120000000" remote="132282596400000000" Dst="0" />
<file name="icon_extension.gif" server="10.90.30.211//php_04/" local="130573475120000000" remote="132282596400000000" Dst="0" />
<file name="icon_favourites.gif" server="10.90.30.211//php_04/" local="130573475120000000" remote="132282596400000000" Dst="0" />
<file name="icon_get_world.gif" server="10.90.30.211//php_04/" local="130573475120000000" remote="132282596400000000" Dst="0" />
<file name="icon_history.gif" server="10.90.30.211//php_04/" local="130573475120000000" remote="132282596400000000" Dst="0" />
<file name="icon_home.gif" server="10.90.30.211//php_04/" local="130573475120000000" remote="132282596400000000" Dst="0" />
<file name="icon_info.gif" server="10.90.30.211//php_04/" local="130573475120000000" remote="132282596400000000" Dst="0" />
<file name="icon_key.gif" server="10.90.30.211//php_04/" local="130573475120000000" remote="132282596400000000" Dst="0" />
<file name="icon_link.gif" server="10.90.30.211//php_04/" local="130573475120000000" remote="132282596400000000" Dst="0" />
<file name="icon_mail.gif" server="10.90.30.211//php_04/" local="130573475120000000" remote="132282596400000000" Dst="0" />
<file name="icon_monitor_mac.gif" server="10.90.30.211//php_04/" local="130573475120000000" remote="132282596400000000" Dst="0" />
<file name="icon_monitor_pc.gif" server="10.90.30.211//php_04/" local="130573475120000000" remote="132282596400000000" Dst="0" />
<file name="icon_network.gif" server="10.90.30.211//php_04/" local="130573475120000000" remote="132282596400000000" Dst="0" />
<file name="icon_package.gif" server="10.90.30.211//php_04/" local="130573475120000000" remote="132282596400000000" Dst="0" />
<file name="icon_package_get.gif" server="10.90.30.211//php_04/" local="130573475120000000" remote="132282596400000000" Dst="0" />
<file name="icon_package_open.gif" server="10.90.30.211//php_04/" local="130573475120000000" remote="132282596400000000" Dst="0" />
<file name="icon_padlock.gif" server="10.90.30.211//php_04/" local="130573475120000000" remote="132282596400000000" Dst="0" />
<file name="icon_security.gif" server="10.90.30.211//php_04/" local="130573475120000000" remote="132282596400000000" Dst="0" />
<file name="icon_settings.gif" server="10.90.30.211//php_04/" local="130573475120000000" remote="132282596400000000" Dst="0" />
<file name="icon_user.gif" server="10.90.30.211//php_04/" local="130573475120000000" remote="132282596400000000" Dst="0" />
<file name="icon_wand.gif" server="10.90.30.211//php_04/" local="130573475120000000" remote="132282596400000000" Dst="0" />
<file name="icon_world.gif" server="10.90.30.211//php_04/" local="130573475120000000" remote="132282596400000000" Dst="0" />
<file name="icon_world_dynamic.gif" server="10.90.30.211//php_04/" local="130573475120000000" remote="132282596400000000" Dst="0" />
<file name="image.gif" server="10.90.30.211//php_04/" local="130573475120000000" remote="132282596400000000" Dst="0" />
<file name="image_new.gif" server="10.90.30.211//php_04/" local="130573475120000000" remote="132282596400000000" Dst="0" />
<file name="interface_browser.gif" server="10.90.30.211//php_04/" local="130573475120000000" remote="132282596400000000" Dst="0" />
<file name="interface_dialog.gif" server="10.90.30.211//php_04/" local="130573475120000000" remote="132282596400000000" Dst="0" />
<file name="interface_installer.gif" server="10.90.30.211//php_04/" local="130573475120000000" remote="132282596400000000" Dst="0" />
<file name="list_comments.gif" server="10.90.30.211//php_04/" local="130573475120000000" remote="132282596400000000" Dst="0" />
<file name="list_components.gif" server="10.90.30.211//php_04/" local="130573475120000000" remote="132282596400000000" Dst="0" />
<file name="list_errors.gif" server="10.90.30.211//php_04/" local="130573475120000000" remote="132282596400000000" Dst="0" />
<file name="list_extensions.gif" server="10.90.30.211//php_04/" local="130573475120000000" remote="132282596400000000" Dst="0" />
<file name="list_images.gif" server="10.90.30.211//php_04/" local="130573475120000000" remote="132282596400000000" Dst="0" />
<file name="list_keys.gif" server="10.90.30.211//php_04/" local="130573475120000000" remote="132282596400000000" Dst="0" />
<file name="list_links.gif" server="10.90.30.211//php_04/" local="130573475120000000" remote="132282596400000000" Dst="0" />
<file name="list_packages.gif" server="10.90.30.211//php_04/" local="130573475120000000" remote="132282596400000000" Dst="0" />
<file name="list_security.gif" server="10.90.30.211//php_04/" local="130573475120000000" remote="132282596400000000" Dst="0" />
<file name="list_settings.gif" server="10.90.30.211//php_04/" local="130573475120000000" remote="132282596400000000" Dst="0" />
<file name="list_users.gif" server="10.90.30.211//php_04/" local="130573475120000000" remote="132282596400000000" Dst="0" />
<file name="list_world.gif" server="10.90.30.211//php_04/" local="130573475120000000" remote="132282596400000000" Dst="0" />
<file name="note.gif" server="10.90.30.211//php_04/" local="130573475120000000" remote="132282596400000000" Dst="0" />
<file name="note_delete.gif" server="10.90.30.211//php_04/" local="130573475120000000" remote="132282596400000000" Dst="0" />
<file name="note_new.gif" server="10.90.30.211//php_04/" local="130573475120000000" remote="132282596400000000" Dst="0" />
<file name="page.gif" server="10.90.30.211//php_04/" local="130573475120000000" remote="132282596400000000" Dst="0" />
<file name="page_alert.gif" server="10.90.30.211//php_04/" local="130573475120000000" remote="132282596400000000" Dst="0" />
<file name="page_attachment.gif" server="10.90.30.211//php_04/" local="130573475120000000" remote="132282596400000000" Dst="0" />
<file name="page_bookmark.gif" server="10.90.30.211//php_04/" local="130573475120000000" remote="132282596400000000" Dst="0" />
<file name="page_boy.gif" server="10.90.30.211//php_04/" local="130573475120000000" remote="132282596400000000" Dst="0" />
<file name="page_code.gif" server="10.90.30.211//php_04/" local="130573475120000000" remote="132282596400000000" Dst="0" />
<file name="page_colors.gif" server="10.90.30.211//php_04/" local="130573475120000000" remote="132282596400000000" Dst="0" />
<file name="page_component.gif" server="10.90.30.211//php_04/" local="130573475120000000" remote="132282596400000000" Dst="0" />
<file name="page_cross.gif" server="10.90.30.211//php_04/" local="130573475120000000" remote="132282596400000000" Dst="0" />
<file name="page_delete.gif" server="10.90.30.211//php_04/" local="130573475120000000" remote="132282596400000000" Dst="0" />
<file name="page_deny.gif" server="10.90.30.211//php_04/" local="130573475120000000" remote="132282596400000000" Dst="0" />
<file name="page_down.gif" server="10.90.30.211//php_04/" local="130573475120000000" remote="132282596400000000" Dst="0" />
<file name="page_dynamic.gif" server="10.90.30.211//php_04/" local="130573475120000000" remote="132282596400000000" Dst="0" />
<file name="page_edit.gif" server="10.90.30.211//php_04/" local="130573475120000000" remote="132282596400000000" Dst="0" />
<file name="page_extension.gif" server="10.90.30.211//php_04/" local="130573475120000000" remote="132282596400000000" Dst="0" />
<file name="page_favourites.gif" server="10.90.30.211//php_04/" local="130573475120000000" remote="132282596400000000" Dst="0" />
<file name="page_find.gif" server="10.90.30.211//php_04/" local="130573475120000000" remote="132282596400000000" Dst="0" />
<file name="page_flash.gif" server="10.90.30.211//php_04/" local="130573475120000000" remote="132282596400000000" Dst="0" />
<file name="page_girl.gif" server="10.90.30.211//php_04/" local="130573475120000000" remote="132282596400000000" Dst="0" />
<file name="page_html.gif" server="10.90.30.211//php_04/" local="130573475120000000" remote="132282596400000000" Dst="0" />
<file name="page_java.gif" server="10.90.30.211//php_04/" local="130573475120000000" remote="132282596400000000" Dst="0" />
<file name="page_key.gif" server="10.90.30.211//php_04/" local="130573475120000000" remote="132282596400000000" Dst="0" />
<file name="page_left.gif" server="10.90.30.211//php_04/" local="130573475120000000" remote="132282596400000000" Dst="0" />
<file name="page_link.gif" server="10.90.30.211//php_04/" local="130573475120000000" remote="132282596400000000" Dst="0" />
<file name="page_lock.gif" server="10.90.30.211//php_04/" local="130573475120000000" remote="132282596400000000" Dst="0" />
<file name="page_new.gif" server="10.90.30.211//php_04/" local="130573475120000000" remote="132282596400000000" Dst="0" />
<file name="page_next.gif" server="10.90.30.211//php_04/" local="130573475120000000" remote="132282596400000000" Dst="0" />
<file name="page_package.gif" server="10.90.30.211//php_04/" local="130573475120000000" remote="132282596400000000" Dst="0" />
<file name="page_php.gif" server="10.90.30.211//php_04/" local="130573475120000000" remote="132282596400000000" Dst="0" />
<file name="page_prev.gif" server="10.90.30.211//php_04/" local="130573475120000000" remote="132282596400000000" Dst="0" />
<file name="page_refresh.gif" server="10.90.30.211//php_04/" local="130573475120000000" remote="132282596400000000" Dst="0" />
<file name="page_right.gif" server="10.90.30.211//php_04/" local="130573475120000000" remote="132282596400000000" Dst="0" />
<file name="page_script.gif" server="10.90.30.211//php_04/" local="130573475120000000" remote="132282596400000000" Dst="0" />
<file name="page_security.gif" server="10.90.30.211//php_04/" local="130573475120000000" remote="132282596400000000" Dst="0" />
<file name="page_settings.gif" server="10.90.30.211//php_04/" local="130573475120000000" remote="132282596400000000" Dst="0" />
<file name="page_sound.gif" server="10.90.30.211//php_04/" local="130573475120000000" remote="132282596400000000" Dst="0" />
<file name="page_tag_blue.gif" server="10.90.30.211//php_04/" local="130573475120000000" remote="132282596400000000" Dst="0" />
<file name="page_tag_red.gif" server="10.90.30.211//php_04/" local="130573475120000000" remote="132282596400000000" Dst="0" />
<file name="page_text.gif" server="10.90.30.211//php_04/" local="130573475120000000" remote="132282596400000000" Dst="0" />
<file name="page_text_delete.gif" server="10.90.30.211//php_04/" local="130573475120000000" remote="132282596400000000" Dst="0" />
<file name="page_tick.gif" server="10.90.30.211//php_04/" local="130573475120000000" remote="132282596400000000" Dst="0" />
<file name="page_tree.gif" server="10.90.30.211//php_04/" local="130573475120000000" remote="132282596400000000" Dst="0" />
<file name="page_up.gif" server="10.90.30.211//php_04/" local="130573475120000000" remote="132282596400000000" Dst="0" />
<file name="page_url.gif" server="10.90.30.211//php_04/" local="130573475120000000" remote="132282596400000000" Dst="0" />
<file name="page_user.gif" server="10.90.30.211//php_04/" local="130573475140000000" remote="132282596400000000" Dst="0" />
<file name="page_user_dark.gif" server="10.90.30.211//php_04/" local="130573475140000000" remote="132282596400000000" Dst="0" />
<file name="page_user_light.gif" server="10.90.30.211//php_04/" local="130573475140000000" remote="132282596400000000" Dst="0" />
<file name="page_video.gif" server="10.90.30.211//php_04/" local="130573475140000000" remote="132282596400000000" Dst="0" />
<file name="page_wizard.gif" server="10.90.30.211//php_04/" local="130573475140000000" remote="132282596400000000" Dst="0" />
<file name="readme.txt" server="10.90.30.211//php_04/" local="130573475140000000" remote="132282596400000000" Dst="0" />
<file name="table.gif" server="10.90.30.211//php_04/" local="130573475140000000" remote="132282596400000000" Dst="0" />
<file name="tables.gif" server="10.90.30.211//php_04/" local="130573475140000000" remote="132282596400000000" Dst="0" />
<file name="table_delete.gif" server="10.90.30.211//php_04/" local="130573475140000000" remote="132282596400000000" Dst="0" />
</dwsync>