<?xml version="1.0" encoding="utf-8" ?>
<dwsync>
<file name="HELP-US-OUT.txt" server="D:/Programas/xampp/htdocs/sitio9/" local="130797157768593449" remote="130797157760000000" Dst="0" />
<file name="HELP-US-OUT.txt" server="10.40.60.97/clase_02a/" local="130797157768593449" remote="131332938000000000" Dst="0" />
<file name="HELP-US-OUT.txt" server="10.236.2.139//dg_01/" local="130797157768593449" remote="131505756000000000" Dst="0" />
<file name="HELP-US-OUT.txt" server="10.90.30.210//dg_01/" local="130797157768593449" remote="131505835800000000" Dst="0" />
<file name="HELP-US-OUT.txt" server="10.90.30.210/dg01/" local="130797157768593449" remote="131506027800000000" Dst="0" />
<file name="HELP-US-OUT.txt" server="10.236.2.139/dg01/" local="130797157768593449" remote="131507804400000000" Dst="0" />
<file name="HELP-US-OUT.txt" server="10.90.30.210//web2/grupo01/clase02/" local="130797157768593449" remote="131829165600000000" Dst="0" />
<file name="HELP-US-OUT.txt" server="10.90.30.211//php_02/" local="130797157768593449" remote="132258401400000000" Dst="0" />
</dwsync>